A20,túi,1000,gucci,1 năm
A1Z,túi,100,gucci,1 năm
A2Z,túi,100,gucci,1 năm
A1Z,túi,100,gucci,1 năm
A2Z,túi,100,gucci,1 năm
A1Z,balo,2000,adidas,8 tháng
A2Z,balo,2000,adidas,8 tháng
,asd,100,abc,1 năm
,asd,100,abc,1 năm
A1Z,túi,200,gucci,1 năm
A1Z,túi,100,gucci,3 tháng
A1Z,túi,100,gucci,3 tháng
A1Z,balo,300,adidas,6 tháng
A1Z,a,23,a,1
A1Z,a,23,a,1
A2Z,a,23,a,1
A1Z,a,23,a,1
A2Z,a,23,a,1
A3Z,a,23,a,1
A1Z,a,23,a,1
A2Z,a,23,a,1
A3Z,a,23,a,1
A4Z,a,23,a,1
A1Z,a,23,a,1
A2Z,a,23,a,1
A3Z,a,23,a,1
A4Z,a,23,a,1
A5Z,a,23,a,1
A1Z,a,23,a,1
